NomProduitMaLentille,MarqueMaLentille,Ma Lentille
1-Day Acuvue Moist,Acuvue,"<a href=""https://www.malentille.com/lentilles-de-contact-22/121-1-day-acuvue-moist-30.html"" rel=""noopener noreferrer"" target=""_blank""> 15,00 € </a>"
1-Day Acuvue Moist MultifocalL,Acuvue,"<a href=""https://www.malentille.com/lentilles-de-contact-22/267-1-day-acuvue-moist-multifocal-30.html"" rel=""noopener noreferrer"" target=""_blank""> 33,90 € </a>"
1-Day Acuvue Moist for Astigmatism,Acuvue,"<a href=""https://www.malentille.com/lentilles-de-contact-22/225-1-day-acuvue-moist-for-astigmatism.html"" rel=""noopener noreferrer"" target=""_blank""> 22,20 € </a>"
Biomedics 1-Day Extra,Biomedics,/
Biotrue ONEday for Astigmatism,Biotrue,/
Clariti 1-Day multifocal,Clariti,/
Dailies All Day Comfort,Dailies,"<a href=""https://www.malentille.com/lentilles-de-contact-22/108-dailies-all-day-comfort-30-0630175475947.html"" rel=""noopener noreferrer"" target=""_blank""> 13,90 € </a>"
Dailies AquaComfort Plus,Dailies,"<a href=""https://www.malentille.com/lentilles-de-contact-22/183-dailies-aquacomfort-plus-30.html"" rel=""noopener noreferrer"" target=""_blank""> 13,50 € </a>"
Dailies AquaComfort Plus Multifocal,Dailies,"<a href=""https://www.malentille.com/lentilles-de-contact-22/255-dailies-aquacomfort-plus-multifocal.html"" rel=""noopener noreferrer"" target=""_blank""> 28,50 € </a>"
Dailies AquaComfort Plus Toric lentilles,Dailies,"<a href=""https://www.malentille.com/lentilles-de-contact-22/268-dailies-aquacomfort-plus-toric-30-lentiles.html"" rel=""noopener noreferrer"" target=""_blank""> 18,40 € </a>"
Dailies Total 1 MultifocalL,Dailies,"<a href=""https://www.malentille.com/lentilles-de-contact-22/346-dailies-total-1-multifocal-30-lentille-0846566846375.html"" rel=""noopener noreferrer"" target=""_blank""> 35,50 € </a>"
MyDayL,MyDay,"<a href=""https://www.malentille.com/lentilles-de-contact-22/252-myday-30-lentilles.html"" rel=""noopener noreferrer"" target=""_blank""> 21,50 € </a>"
Proclear 1-Day,Proclear,"<a href=""https://www.malentille.com/lentilles-de-contact-22/188-proclear-1-day-30.html"" rel=""noopener noreferrer"" target=""_blank""> 16,50 € </a>"
Soflens Daily DisposableL,Soflens,"<a href=""https://www.malentille.com/lentilles-de-contact-22/107-soflens-daily-disposable-30-0785810728497.html"" rel=""noopener noreferrer"" target=""_blank""> 12,90 € </a>"
