,Nom
1,Dailies AquaComfort Plus
2,1 Day Acuvue Moist
3,1 Day Acuvue Moist for Astigmatism
4,everclear ADM
5,everclear ELITE
6,SofLens Daily Disposable
7,Dailies All Day Comfort
8,Dailies AquaComfort Plus Toric
9,Dailies Total 1
10,Biomedics 1 day Extra
11,Proclear 1 day
12,Dailies AquaComfort Plus Multifocal
13,1 Day Acuvue TruEye
14,Clariti 1 day
15,Precision 1
16,Acuvue Oasys 1 Day with HydraLuxe
17,Dailies Total 1 Multifocal
18,clariti 1 day toric
19,Biomedics 1 day Extra toric
20,MyDay
21,MyDay Toric
22,Live Daily Disposable
23,Proclear 1 day Multifocal
24,Acuvue Oasys 1 Day for Astigmatism
25,SofLens Daily for Astigmatism
26,Biotrue ONEday
27,Biotrue One Day for Astigmatism
28,1 Day Acuvue Moist Multifocal
29,FreshLook One Day
30,clariti 1 day multifocal
31,Biotrue One Day for Presbyopia
32,everclear COMFORT
33,FreshLook Illuminate
34,everclear ELITE (5 lentilles)
35,everclear ADM (5 lentilles)
36,Dailies Toric
37,1 Day Acuvue Define Sparkle
38,1 Day Acuvue Define Shimmer
39,everclear COMFORT (5 Pack)
40,1 Day Acuvue
41,Dailies AquaComfort Plus 90 Pack
42,1 Day Acuvue Moist 90 Pack
43,Precision 1 90 Pack
44,Precision 1 for Astigmatism
45,Dailies Total 1 90 Pack
46,1-Day Acuvue TruEye 90
47,Acuvue Oasys 1 Day with HydraLuxe 90 Pack
48,Dailies All Day Comfort 90 Pack
49,Biotrue One Day 90 Pack
50,Proclear 1 Day 90 Pack
51,Clariti 1 Day 90 Pack
52,1 Day Acuvue Moist for Astigmatism 90 Pack
53,1 Day Acuvue Moist Multifocal 90 Pack
54,SofLens Daily Disposable 90 Pack
55,Biomedics 1 Day Extra 90 Pack
