NomProduitLenStore,MarqueLenStore,LenStore
1-Day Acuvue Moist,Acuvue,"<a href=""https://www.lenstore.fr/lentilles-de-contact/p13/1-day-acuvue-moist"" rel=""noopener noreferrer"" target=""_blank""><span class=""u-price"">16,49 €</span></a>"
1-Day Acuvue Moist Multifocal,Acuvue,"<a href=""https://www.lenstore.fr/lentilles-de-contact/p250/1-day-acuvue-moist-multifocal"" rel=""noopener noreferrer"" target=""_blank""><span class=""u-price"">30,19 €</span></a>"
1-Day Acuvue Moist for Astigmatism,Acuvue,"<a href=""https://www.lenstore.fr/lentilles-de-contact/p106/1-day-acuvue-moist-for-astigmatism"" rel=""noopener noreferrer"" target=""_blank""><span class=""u-price"">22,19 €</span></a>"
Biomedics 1-Day Extra,Biomedics,"<a href=""https://www.lenstore.fr/lentilles-de-contact/p200/biomedics-1-day-extra"" rel=""noopener noreferrer"" target=""_blank""><span class=""u-price"">12,19 €</span></a>"
Biotrue ONEday for Astigmatism,Biotrue,"<a href=""https://www.lenstore.fr/lentilles-de-contact/p480/biotrue-oneday-for-astigmatism"" rel=""noopener noreferrer"" target=""_blank""><span class=""u-price"">22,29 €</span></a>"
Clariti 1-Day Multifocal,Clariti,"<a href=""https://www.lenstore.fr/lentilles-de-contact/p217/clariti-1-day-multifocal"" rel=""noopener noreferrer"" target=""_blank""><span class=""u-price"">24,29 €</span></a>"
Dailies All Day Comfort,Dailies,"<a href=""https://www.lenstore.fr/lentilles-de-contact/p8/focus-dailies-all-day-comfort"" rel=""noopener noreferrer"" target=""_blank""><span class=""u-price"">15,59 €</span></a>"
Dailies AquaComfort Plus,Dailies,"<a href=""https://www.lenstore.fr/lentilles-de-contact/p5/dailies-aquacomfort-plus"" rel=""noopener noreferrer"" target=""_blank""><span class=""u-price"">16,19 €</span></a>"
Dailies AquaComfort Plus Multifocal,Dailies,"<a href=""https://www.lenstore.fr/lentilles-de-contact/p234/dailies-aquacomfort-plus-multifocal"" rel=""noopener noreferrer"" target=""_blank""><span class=""u-price"">27,99 €</span></a>"
Dailies AquaComfort Plus Toric,Dailies,"<a href=""https://www.lenstore.fr/lentilles-de-contact/p233/dailies-aquacomfort-plus-toric"" rel=""noopener noreferrer"" target=""_blank""><span class=""u-price"">23,39 €</span></a>"
Dailies Total 1 Multifocal,Dailies,"<a href=""https://www.lenstore.fr/lentilles-de-contact/p457/dailies-total-1-multifocal"" rel=""noopener noreferrer"" target=""_blank""><span class=""u-price"">36,79 €</span></a>"
MyDay,MyDay,"<a href=""https://www.lenstore.fr/lentilles-de-contact/p230/myday"" rel=""noopener noreferrer"" target=""_blank""><span class=""u-price"">22,29 €</span></a>"
Proclear 1-Day,Proclear,"<a href=""https://www.lenstore.fr/lentilles-de-contact/p60/proclear-1-day"" rel=""noopener noreferrer"" target=""_blank""><span class=""u-price"">13,29 €</span></a>"
Soflens Daily Disposable,Soflens,"<a href=""https://www.lenstore.fr/lentilles-de-contact/p1/soflens-daily-disposable"" rel=""noopener noreferrer"" target=""_blank""><span class=""u-price"">11,09 €</span></a>"
