,nom_Produit,marque,LenStore30,LMC30
0,1-Day Acuvue Moist,Acuvue,"<a href=""https://www.lenstore.fr/lentilles-de-contact/p13/1-day-acuvue-moist"" rel=""noopener noreferrer"" target=""_blank""><span class=""u-price"">16,49</span></a>","<a href=""https://www.lentillesmoinscheres.com/lentilles-de-contact/journalieres/lentilles-1-day-acuvue-moist-30.html"" rel=""noopener noreferrer"" target=""_blank"">17,40</a>"
1,1-Day Acuvue Moist Multifocal,Acuvue,"<a href=""https://www.lenstore.fr/lentilles-de-contact/p250/1-day-acuvue-moist-multifocal"" rel=""noopener noreferrer"" target=""_blank""><span class=""u-price"">30,19</span></a>","<a href=""https://www.lentillesmoinscheres.com/lentilles-de-contact/journalieres/lentilles-1-day-acuvue-moist-multifocal-30.html"" rel=""noopener noreferrer"" target=""_blank"">33,60</a>"
2,1-Day Acuvue Moist for Astigmatism,Acuvue,"<a href=""https://www.lenstore.fr/lentilles-de-contact/p106/1-day-acuvue-moist-for-astigmatism"" rel=""noopener noreferrer"" target=""_blank""><span class=""u-price"">22,19</span></a>","<a href=""https://www.lentillesmoinscheres.com/lentilles-de-contact/journalieres/lentilles-1-day-acuvue-moist-for-astigmatism-30.html"" rel=""noopener noreferrer"" target=""_blank"">20,20</a>"
3,Biomedics 1-Day Extra,Biomedics,"<a href=""https://www.lenstore.fr/lentilles-de-contact/p200/biomedics-1-day-extra"" rel=""noopener noreferrer"" target=""_blank""><span class=""u-price"">12,19</span></a>","<a href=""https://www.lentillesmoinscheres.com/lentilles-de-contact/journalieres/lentilles-biomedics-1-day-extra-30.html"" rel=""noopener noreferrer"" target=""_blank"">14,50</a>"
4,Clariti 1-Day Multifocal,Clariti,"<a href=""https://www.lenstore.fr/lentilles-de-contact/p217/clariti-1-day-multifocal"" rel=""noopener noreferrer"" target=""_blank""><span class=""u-price"">24,29</span></a>","<a href=""https://www.lentillesmoinscheres.com/lentilles-de-contact/journalieres/lentilles-clariti-1-day-multifocal-30.html"" rel=""noopener noreferrer"" target=""_blank"">27,90</a>"
5,Dailies All Day Comfort,Dailies,"<a href=""https://www.lenstore.fr/lentilles-de-contact/p8/focus-dailies-all-day-comfort"" rel=""noopener noreferrer"" target=""_blank""><span class=""u-price"">15,59</span></a>","<a href=""https://www.lentillesmoinscheres.com/lentilles-de-contact/journalieres/lentilles-dailies-all-day-comfort-30.html"" rel=""noopener noreferrer"" target=""_blank"">14,90</a>"
6,Dailies AquaComfort Plus,Dailies,"<a href=""https://www.lenstore.fr/lentilles-de-contact/p5/dailies-aquacomfort-plus"" rel=""noopener noreferrer"" target=""_blank""><span class=""u-price"">16,19</span></a>","<a href=""https://www.lentillesmoinscheres.com/lentilles-de-contact/journalieres/lentilles-dailies-aquacomfort-plus-30.html"" rel=""noopener noreferrer"" target=""_blank"">17,90</a>"
7,Dailies AquaComfort Plus Multifocal,Dailies,"<a href=""https://www.lenstore.fr/lentilles-de-contact/p234/dailies-aquacomfort-plus-multifocal"" rel=""noopener noreferrer"" target=""_blank""><span class=""u-price"">27,99</span></a>","<a href=""https://www.lentillesmoinscheres.com/lentilles-de-contact/journalieres/lentilles-dailies-aquacomfort-plus-multifocal-30.html"" rel=""noopener noreferrer"" target=""_blank"">29,10</a>"
8,Dailies AquaComfort Plus Toric,Dailies,"<a href=""https://www.lenstore.fr/lentilles-de-contact/p233/dailies-aquacomfort-plus-toric"" rel=""noopener noreferrer"" target=""_blank""><span class=""u-price"">23,39</span></a>","<a href=""https://www.lentillesmoinscheres.com/lentilles-de-contact/journalieres/lentilles-dailies-aquacomfort-plus-toric-30.html"" rel=""noopener noreferrer"" target=""_blank"">23,90</a>"
9,Dailies Total 1 Multifocal,Dailies,"<a href=""https://www.lenstore.fr/lentilles-de-contact/p457/dailies-total-1-multifocal"" rel=""noopener noreferrer"" target=""_blank""><span class=""u-price"">36,79</span></a>","<a href=""https://www.lentillesmoinscheres.com/lentilles-de-contact/journalieres/lentilles-dailies-total-1-multifocal-30.html"" rel=""noopener noreferrer"" target=""_blank"">37,20</a>"
10,Proclear 1-Day,Proclear,"<a href=""https://www.lenstore.fr/lentilles-de-contact/p60/proclear-1-day"" rel=""noopener noreferrer"" target=""_blank""><span class=""u-price"">13,29</span></a>","<a href=""https://www.lentillesmoinscheres.com/lentilles-de-contact/journalieres/lentilles-proclear-1-day-30.html"" rel=""noopener noreferrer"" target=""_blank"">15,80</a>"
11,Soflens Daily Disposable,Soflens,"<a href=""https://www.lenstore.fr/lentilles-de-contact/p1/soflens-daily-disposable"" rel=""noopener noreferrer"" target=""_blank""><span class=""u-price"">11,09</span></a>","<a href=""https://www.lentillesmoinscheres.com/lentilles-de-contact/journalieres/lentilles-soflens-daily-disposable-30.html"" rel=""noopener noreferrer"" target=""_blank"">14,40</a>"
0,  1-Day Acuvue Moist  ,Acuvue,,
3,  1-Day Acuvue Moist Multifocal  ,Acuvue,,
5,  1-Day Acuvue Moist for Astigmatism  ,Acuvue,,
7,  Biomedics 1 Day Extra  ,Biomedics,,
9,  Clariti 1 Day multifocal  ,Clariti,,
11,  Dailies All Day Comfort  ,Dailies,,
13,  Dailies AquaComfort Plus  ,Dailies,,
16,  Dailies AquaComfort Plus Multifocal  ,Dailies,,
17,  Dailies AquaComfort Plus Toric  ,Dailies,,
19,  Dailies TOTAL 1 Multifocal  ,Dailies,,
21,  Proclear 1 Day  ,Proclear,,
23,  SofLens daily disposable  ,Soflens,,
