Nom Produit,Marque,Lentilles Moins Cheres
  1-Day Acuvue Moist  ,Acuvue,"<a href=""https://www.lentillesmoinscheres.com/lentilles-de-contact/journalieres/lentilles-1-day-acuvue-moist-30.html"" rel=""noopener noreferrer"" target=""_blank"">17,40</a>"
  1-Day Acuvue Moist Multifocal  ,Acuvue,"<a href=""https://www.lentillesmoinscheres.com/lentilles-de-contact/journalieres/lentilles-1-day-acuvue-moist-multifocal-30.html"" rel=""noopener noreferrer"" target=""_blank"">33,60</a>"
  1-Day Acuvue Moist for Astigmatism  ,Acuvue,"<a href=""https://www.lentillesmoinscheres.com/lentilles-de-contact/journalieres/lentilles-1-day-acuvue-moist-for-astigmatism-30.html"" rel=""noopener noreferrer"" target=""_blank"">20,20</a>"
  Biomedics 1 Day Extra  ,Biomedics,"<a href=""https://www.lentillesmoinscheres.com/lentilles-de-contact/journalieres/lentilles-biomedics-1-day-extra-30.html"" rel=""noopener noreferrer"" target=""_blank"">14,50</a>"
  Clariti 1 Day multifocal  ,Clariti,"<a href=""https://www.lentillesmoinscheres.com/lentilles-de-contact/journalieres/lentilles-clariti-1-day-multifocal-30.html"" rel=""noopener noreferrer"" target=""_blank"">27,90</a>"
  Dailies All Day Comfort  ,Dailies,"<a href=""https://www.lentillesmoinscheres.com/lentilles-de-contact/journalieres/lentilles-dailies-all-day-comfort-30.html"" rel=""noopener noreferrer"" target=""_blank"">14,90</a>"
  Dailies AquaComfort Plus  ,Dailies,"<a href=""https://www.lentillesmoinscheres.com/lentilles-de-contact/journalieres/lentilles-dailies-aquacomfort-plus-30.html"" rel=""noopener noreferrer"" target=""_blank"">17,90</a>"
  Dailies AquaComfort Plus Multifocal  ,Dailies,"<a href=""https://www.lentillesmoinscheres.com/lentilles-de-contact/journalieres/lentilles-dailies-aquacomfort-plus-multifocal-30.html"" rel=""noopener noreferrer"" target=""_blank"">29,10</a>"
  Dailies AquaComfort Plus Toric  ,Dailies,"<a href=""https://www.lentillesmoinscheres.com/lentilles-de-contact/journalieres/lentilles-dailies-aquacomfort-plus-toric-30.html"" rel=""noopener noreferrer"" target=""_blank"">23,90</a>"
  Dailies TOTAL 1 Multifocal  ,Dailies,"<a href=""https://www.lentillesmoinscheres.com/lentilles-de-contact/journalieres/lentilles-dailies-total-1-multifocal-30.html"" rel=""noopener noreferrer"" target=""_blank"">37,20</a>"
  Proclear 1 Day  ,Proclear,"<a href=""https://www.lentillesmoinscheres.com/lentilles-de-contact/journalieres/lentilles-proclear-1-day-30.html"" rel=""noopener noreferrer"" target=""_blank"">15,80</a>"
  SofLens daily disposable  ,Soflens,"<a href=""https://www.lentillesmoinscheres.com/lentilles-de-contact/journalieres/lentilles-soflens-daily-disposable-30.html"" rel=""noopener noreferrer"" target=""_blank"">14,40</a>"
