Nom Produit,Marque,Lentiamo
1-Day Acuvue Moist,Acuvue,"<a href=""https://www.lentiamo.fr/1-day-acuvue-moist.html"" rel=""noopener noreferrer"" target=""_blank"">19,90</a>"
1-Day Acuvue Moist Multifocal,Acuvue,"<a href=""https://www.lentiamo.fr/1-day-acuvue-moist-multifocal-30.html"" rel=""noopener noreferrer"" target=""_blank"">29,99</a>"
1-Day Acuvue Moist for Astigmatism,Acuvue,"<a href=""https://www.lentiamo.fr/1-day-acuvue-moist-astigmatism.html"" rel=""noopener noreferrer"" target=""_blank"">24,90</a>"
Biomedics 1-Day Extra CooperVision,Biomedics,"<a href=""https://www.lentiamo.fr/biomedics-1-day-extra.html"" rel=""noopener noreferrer"" target=""_blank"">14,50</a>"
Clariti 1-Day Multifocal,Clariti,"<a href=""https://www.lentiamo.fr/clariti-1-day-multifocal-30.html"" rel=""noopener noreferrer"" target=""_blank"">32,99</a>"
Dailies AquaComfort Plus,Dailies,"<a href=""https://www.lentiamo.fr/dailies-aquacomfort-plus.html"" rel=""noopener noreferrer"" target=""_blank"">16,89</a>"
Dailies AquaComfort Plus Multifocal,Dailies,"<a href=""https://www.lentiamo.fr/dailies-aquacomfort-plus-multifocal.html"" rel=""noopener noreferrer"" target=""_blank"">28,99</a>"
Dailies AquaComfort Plus Toric,Dailies,"<a href=""https://www.lentiamo.fr/dailies-aquacomfort-plus-toric.html"" rel=""noopener noreferrer"" target=""_blank"">23,99</a>"
Dailies Total 1 Multifocal,Dailies,"<a href=""https://www.lentiamo.fr/dailies-total1-multifocal-30.html"" rel=""noopener noreferrer"" target=""_blank"">36,99</a>"
Focus Dailies All Day Comfort,Dailies,"<a href=""https://www.lentiamo.fr/focus-dailies-all-day-comfort.html"" rel=""noopener noreferrer"" target=""_blank"">18,49</a>"
Proclear 1-Day CooperVision,Proclear,"<a href=""https://www.lentiamo.fr/proclear-1-day.html"" rel=""noopener noreferrer"" target=""_blank"">16,49</a>"
SofLens Daily Disposable,Soflens,"<a href=""https://www.lentiamo.fr/soflens-daily-disposable.html"" rel=""noopener noreferrer"" target=""_blank"">13,89</a>"
